GNU Guix consists of Scheme code that implements the deployment model
of the Nix package management tool.  In fact, it currently talks to a
build daemon whose code comes from Nix (see the manual for details.)

Nix was initially written by Eelco Dolstra; other people have been
contributing to it.  See `nix/AUTHORS' for details.

Contributors to GNU Guix 1.1.0:

  2176	Ricardo Wurmus <rekado@elephly.net>
  2096	Tobias Geerinckx-Rice <me@tobias.gr>
  1372	Marius Bakke <mbakke@fastmail.com>
  1340	Efraim Flashner <efraim@flashner.co.il>
  1063	Ludovic Courtès <ludo@gnu.org>
   420	John Soo <jsoo1@asu.edu>
   336	Timothy Sample <samplet@ngyro.com>
   304	Mark H Weaver <mhw@netris.org>
   289	Nicolas Goaziou <mail@nicolasgoaziou.fr>
   259	Valentin Ignatev <valentignatev@gmail.com>
   247	Pierre Neidhardt <mail@ambrevar.xyz>
   205	Hartmut Goebel <h.goebel@crazy-compilers.com>
   193	Brian Leung <bkleung89@gmail.com>
   190	Leo Famulari <leo@famulari.name>
   189	Guillaume Le Vaillant <glv@posteo.net>
   183	Brett Gilio <brettg@gnu.org>
   174	Vagrant Cascadian <vagrant@debian.org>
   149	Julien Lepiller <julien@lepiller.eu>
   142	Kei Kebreau <kei@openmailbox.org>
   139	Maxim Cournoyer <maxim.cournoyer@gmail.com>
   138	Brian Leung <leungbk@mailfence.com>
    99	Mathieu Othacehe <m.othacehe@gmail.com>
    95	Jan Nieuwenhuizen <janneke@gnu.org>
    92	Christopher Baines <mail@cbaines.net>
    87	Rutger Helling <rhelling@mykolab.com>
    73	Björn Höfling <bjoern.hoefling@bjoernhoefling.de>
    73	Katherine Cox-Buday <cox.katherine.e@gmail.com>
    72	Jakub Kądziołka <kuba@kadziolka.net>
    72	Oleg Pykhalov <go.wigust@gmail.com>
    68	Robert Vollmert <rob@vllmrt.net>
    67	Vincent Legoll <vincent.legoll@gmail.com>
    62	Danny Milosavljevic <dannym@scratchpost.org>
    60	Eric Bavier <bavier@member.fsf.org>
    59	Lars-Dominik Braun <ldb@leibniz-psychology.org>
    52	Raghav Gururajan <raghavgururajan@disroot.org>
    50	Tanguy Le Carrour <tanguy@bioneland.org>
    47	Leo Prikler <leo.prikler@student.tugraz.at>
    43	Andreas Enge <andreas@enge.fr>
    43	Arun Isaac <arunisaac@systemreboot.net>
    43	Florian Pelz <pelzflorian@pelzflorian.de>
    42	Alexandros Theodotou <alex@zrythm.org>
    41	Alex Griffin <a@ajgrf.com>
    37	Jonathan Brielmaier <jonathan.brielmaier@web.de>
    36	Brice Waegeneire <brice@waegenei.re>
    33	Vagrant Cascadian <vagrant@reproducible-builds.org>
    32	Jakob L. Kreuze <zerodaysfordays@sdf.org>
    31	Paul Garlick <pgarlick@tourbillion-technology.com>
    30	Timotej Lazar <timotej.lazar@araneo.si>
    28	Giacomo Leidi <goodoldpaul@autistici.org>
    28	Ingo Ruhnke <grumbel@gmail.com>
    28	Pierre Langlois <pierre.langlois@gmx.com>
    28	zimoun <zimon.toutoune@gmail.com>
    27	L p R n d n <guix@lprndn.info>
    24	Alex Vong <alexvong1995@gmail.com>
    22	Konrad Hinsen <konrad.hinsen@fastmail.net>
    21	Guillaume LE VAILLANT <glv@posteo.net>
    21	Kyle Meyer <kyle@kyleam.com>
    20	Carl Dong <contact@carldong.me>
    19	Amin Bandali <bandali@gnu.org>
    19	Jack Hill <jackhill@jackhill.us>
    19	Jelle Licht <jlicht@fsfe.org>
    18	Alex ter Weele <alex.ter.weele@gmail.com>
    18	Jens Mølgaard <jens@zete.tk>
    18	Sou Bunnbu (宋文武) <iyzsong@gmail.com>
    17	Roel Janssen <roel@gnu.org>
    16	Jacob MacDonald <jaccarmac@gmail.com>
    14	Alexandru-Sergiu Marton <brown121407@gmail.com>
    14	Clément Lassieur <clement@lassieur.org>
    14	Ivan Petkov <ivanppetkov@gmail.com>
    13	Brian Leung <brian@debian>
    13	David Wilson <david@daviwil.com>
    13	Joseph LaFreniere <joseph@lafreniere.xyz>
    13	Mădălin Ionel Patrașcu <madalinionel.patrascu@mdc-berlin.de>
    12	Michael Rohleder <mike@rohleder.de>
    11	Amar Singh <nly@disroot.org>
    11	Damien Cassou <damien@cassou.me>
    11	Gábor Boskovits <boskovits@gmail.com>
    11	Jesse Gibbons <jgibbons2357+guix@gmail.com>
    11	Sebastian Schott <sschott@mailbox.org>
    11	nixo <nicolo@nixo.xyz>
    10	Brendan Tildesley <mail@brendan.scot>
    10	Diego Nicola Barbato <dnbarbato@posteo.de>
    10	Evan Straw <evan.straw99@gmail.com>
    10	Reza Alizadeh Majd <r.majd@pantherx.org>
     9	Josh Holland <josh@inv.alid.pw>
     9	Wiktor Żelazny <wzelazny@vurv.cz>
     8	Arne Babenhauserheide <arne_bab@web.de>
     8	Martin Becze <mjbecze@riseup.net>
     8	Miguel Ángel Arruga Vivas <rosen644835@gmail.com>
     8	Naga Malleswari <nagamalli@riseup.net>
     7	Alexandru-Sergiu Marton <brown121407@member.fsf.org>
     7	Felix Gruber <felgru@posteo.net>
     7	Stefan Stefanović <stefanx2ovic@gmail.com>
     6	Alex Sassmannshausen <alex@komputilo.eu>
     6	Carlo Zancanaro <carlo@zancanaro.id.au>
     6	Christopher Lemmer Webber <cwebber@dustycloud.org>
     6	Dimakakos Dimos <me@bendersteed.tech>
     6	LaFreniere, Joseph <joseph@lafreniere.xyz>
     6	kanichos@yandex.ru <kanichos@yandex.ru>
     5	Carl Dong <accounts@carldong.me>
     5	Ekaitz Zarraga <ekaitz@elenq.tech>
     5	Mike Rosset <mike.rosset@gmail.com>
     5	Nicolò Balzarotti <anothersms@gmail.com>
     5	R Veera Kumar <vkor@vkten.in>
     5	Robert Smith <robertsmith@posteo.net>
     5	Todor Kondić <tk.code@protonmail.com>
     4	Andy Tai <atai@atai.org>
     4	Chris Marusich <cmmarusich@gmail.com>
     4	Ivan Vilata i Balaguer <ivan@selidor.net>
     4	Meiyo Peng <meiyo@riseup.net>
     4	Nicolò Balzarotti <nicolo@nixo.xyz>
     4	Riku Viitanen <riku.viitanen@protonmail.com>
     4	Steve Sprang <scs@stevesprang.com>
     4	Tim Gesthuizen <tim.gesthuizen@yahoo.de>
     4	Vasile Dumitrascu <va511e@yahoo.com>
     4	pinoaffe@airmail.cc <pinoaffe@airmail.cc>
     4	raingloom <raingloom@protonmail.com>
     3	Andrew Miloradovsky <andrew@interpretmath.pw>
     3	Boris A. Dekshteyn <boris.dekshteyn@gmail.com>
     3	Collin J. Doering <collin@rekahsoft.ca>
     3	Dan Frumin <dfrumin@cs.ru.nl>
     3	David Thompson <davet@gnu.org>
     3	Giovanni Biscuolo <g@xelera.eu>
     3	Jan Wielkiewicz <tona_kosmicznego_smiecia@interia.pl>
     3	Jovany Leandro G.C <bit4bit@riseup.net>
     3	Kyle Andrews <kyle.c.andrews@gmail.com>
     3	Mathieu Lirzin <mthl@gnu.org>
     3	Maurice Brémond <Maurice.Bremond@inria.fr>
     3	Oskar Köök <oskarkook@maatriks.ee>
     3	Prafulla Giri <pratheblackdiamond@gmail.com>
     3	Vitaliy Shatrov <D0dyBo0D0dyBo0@protonmail.com>
     3	wednesday <jessejohngildersleve@zohomail.eu>
     2	Alex Kost <alezost@gmail.com>
     2	Alexander Krotov <krotov@iitp.ru>
     2	Alexey Abramov <levenson@mmer.org>
     2	Andrius Štikonas <andrius@stikonas.eu>
     2	Caliph Nomble <nomble@palism.com>
     2	David Truby <David.Truby@arm.com>
     2	Dimakakos Dimos <bendersteed@teknik.io>
     2	Jethro Cao <jethrocao@gmail.com>
     2	JoJo <jo@jo.zone>
     2	Jonathan Frederickson <jonathan@terracrypt.net>
     2	Pkill -9 <pkill9@runbox.com>
     2	Riku Viitanen via Guix-patches via <guix-patches@gnu.org>
     2	Stephen Webber <montokapro@gmail.com>
     2	Zzull <bstrazzull@hotmail.fr>
     2	guy fleury iteriteka <hoonandon@gmail.com>
     2	h.nasajpour <h.nasajpour@pantherx.org>
     2	ison <ison@airmail.cc>
     1	6033fe7de85d <6033fe7de85d@airmail.cc>
     1	Alberto Eleuterio Flores Guerrero <barbanegra+guix@posteo.mx>
     1	Alejandro "HiPhish" Sanchez <hiphish@posteo.de>
     1	Alex Sassmannshausen <alex@pompo.co>
     1	Alva <alva@skogen.is>
     1	Andrius Štikonas via Guix-patches via <guix-patches@gnu.org>
     1	Ben Sturmfels <ben@sturm.com.au>
     1	Benjamin Slade <slade@jnanam.net>
     1	Brant Gardner <brantcgardner@brantware.com>
     1	Brant Gardner <mail@lnklnx.com>
     1	Brendan Tildesley <brendan.tildesley@openmailbox.org>
     1	Christopher Howard <christopher@librehacker.com>
     1	Comrade Yuri <yuri@nijino>
     1	Daniel Schäfer <git@danielschaefer.me>
     1	Danjela Lura <danielaluraa@gmail.com>
     1	David Trudgian <dave@trudgian.net>
     1	Dimakakos Dimos via Guix-patches <guix-patches@gnu.org>
     1	Divan Santana <divan@santanas.co.za>
     1	Eelco Dolstra <eelco.dolstra@logicblox.com>
     1	Ekaitz at ElenQ Technology <ekaitz@elenq.tech>
     1	EuAndreh <eu@euandre.org>
     1	Evan Hanson <evhan@foldling.org>
     1	FPS <mista.tapas@gmx.net>
     1	Fakhri Sajadi <f.sajadi@pantherx.org>
     1	Grillon <thierry@moncourriel.eu>
     1	Ivan Gankevich <i.gankevich@spbu.ru>
     1	Ivan Kozlov <kanichos@yandex.ru>
     1	Jean-Baptiste Note <jean-baptiste.note@m4x.org>
     1	Jeremiah@pdp10.guru <Jeremiah@pdp10.guru>
     1	John D. Boy <jboy@bius.moe>
     1	Josh Marshall <josh.marshall@jax.org>
     1	Joshua Branson <jbranso@dismail.de>
     1	Justus Winter <justus@sequoia-pgp.org>
     1	Jérémy Korwin-Zmijowski <jeremy@korwin-zmijowski.fr>
     1	Kei Kebrau <kkebrau@posteo.net>
     1	Kristofer Buffington <kristoferbuffington@gmail.com>
     1	Marius Bakke <mbakke@berlin.guixsd.org>
     1	Mark Wielaard <mark@klomp.org>
     1	Masaya Tojo <masaya@tojo.tokyo>
     1	Matt Wette <matt.wette@gmail.com>
     1	Matthew Kraai <kraai@ftbfs.org>
     1	Maurice Bremond <Maurice.Bremond@inria.fr>
     1	Mikhail Kirillov <w96k.ru@gmail.com>
     1	Mădălin Ionel Patrașcu <MadalinIonel.Patrascu@mdc-berlin.de>
     1	Nikolay Korotkiy <sikmir@gmail.com>
     1	Noodles! <nnoodle@chiru.no>
     1	Oskar Köök <oskar@maatriks.ee>
     1	Peng Mei Yu <pengmeiyu@riseup.net>
     1	Pierre-Moana Levesque <pierre.moana.levesque@gmail.com>
     1	Rene Saavedra <pacoon@protonmail.com>
     1	Sergei Trofimovich <slyfox@inbox.ru>
     1	Simon Josefsson <simon@josefsson.org>
     1	Simon Mages <mages.simon@googlemail.com>
     1	Stephen Scheck <sscheck@gmail.com>
     1	Thomas Danckaert <thomas.danckaert@gmail.com>
     1	TomZ <tomz@freedommail.ch>
     1	Tomáš Čech <sleep_walker@gnu.org>
     1	Tonton <tonton@riseup.net>
     1	Uko Kokņevičs <perkontevs@gmail.com>
     1	Wiktor Żelazny <wz@freeshell.de>
     1	guy fleury iteriteka <gfleury@disroot.org>
     1	mjbecze@riseup.net <mjbecze@riseup.net>
     1	shtwzrd <shtwzrd@protonmail.com>
     1	sirgazil <sirgazil@zoho.com>
     1	swedebugia <swedebugia@riseup.net>
     1	tanguy@bioneland.org <tanguy@bioneland.org>
     1	tlecarrour@easter-eggs.com <tlecarrour@easter-eggs.com>

Overall contributors:

  9393	Ludovic Courtès <ludo@gnu.org>
  8511	Ricardo Wurmus <rekado@elephly.net>
  6517	Tobias Geerinckx-Rice <me@tobias.gr>
  4271	Marius Bakke <mbakke@fastmail.com>
  4042	Efraim Flashner <efraim@flashner.co.il>
  2713	Mark H Weaver <mhw@netris.org>
  2393	Leo Famulari <leo@famulari.name>
  1065	Andreas Enge <andreas@enge.fr>
   922	Eric Bavier <bavier@member.fsf.org>
   897	Julien Lepiller <julien@lepiller.eu>
   891	Sou Bunnbu (宋文武) <iyzsong@gmail.com>
   681	Danny Milosavljevic <dannym@scratchpost.org>
   632	Timothy Sample <samplet@ngyro.com>
   563	Alex Kost <alezost@gmail.com>
   550	Pierre Neidhardt <mail@ambrevar.xyz>
   548	ng0 <ng0@n0.is>
   541	Kei Kebreau <kei@openmailbox.org>
   540	Nicolas Goaziou <mail@nicolasgoaziou.fr>
   522	Rutger Helling <rhelling@mykolab.com>
   519	Hartmut Goebel <h.goebel@crazy-compilers.com>
   506	Christopher Baines <mail@cbaines.net>
   505	Ben Woodcroft <donttrustben@gmail.com>
   420	John Soo <jsoo1@asu.edu>
   399	Oleg Pykhalov <go.wigust@gmail.com>
   383	David Thompson <davet@gnu.org>
   351	David Craven <david@craven.ch>
   317	Mathieu Othacehe <m.othacehe@gmail.com>
   314	Roel Janssen <roel@gnu.org>
   307	Arun Isaac <arunisaac@systemreboot.net>
   301	Maxim Cournoyer <maxim.cournoyer@gmail.com>
   270	Brian Leung <bkleung89@gmail.com>
   259	Valentin Ignatev <valentignatev@gmail.com>
   241	Vagrant Cascadian <vagrant@debian.org>
   220	Brett Gilio <brettg@gnu.org>
   201	Paul van der Walt <paul@denknerd.org>
   197	Clément Lassieur <clement@lassieur.org>
   194	Jan Nieuwenhuizen <janneke@gnu.org>
   191	John Darrington <jmd@gnu.org>
   189	Guillaume Le Vaillant <glv@posteo.net>
   186	Federico Beffa <beffa@fbengineering.ch>
   167	Andy Wingo <wingo@igalia.com>
   142	Cyril Roelandt <tipecaml@gmail.com>
   138	Brian Leung <leungbk@mailfence.com>
   135	Pierre Neidhardt <ambrevar@gmail.com>
   134	Alex Vong <alexvong1995@gmail.com>
   134	Taylan Ulrich Bayırlı/Kammer <taylanbayirli@gmail.com>
   119	Katherine Cox-Buday <cox.katherine.e@gmail.com>
   116	Björn Höfling <bjoern.hoefling@bjoernhoefling.de>
   108	Mathieu Lirzin <mthl@gnu.org>
   107	Thomas Danckaert <thomas.danckaert@gmail.com>
    93	rsiddharth <s@ricketyspace.net>
    88	Manolis Ragkousis <manolis837@gmail.com>
    85	Alex Griffin <a@ajgrf.com>
    82	Nikita Karetnikov <nikita@karetnikov.org>
    78	Chris Marusich <cmmarusich@gmail.com>
    74	Jelle Licht <jlicht@fsfe.org>
    73	Andy Patterson <ajpatter@uwaterloo.ca>
    73	Paul Garlick <pgarlick@tourbillion-technology.com>
    72	Christopher Allan Webber <cwebber@dustycloud.org>
    72	Jakub Kądziołka <kuba@kadziolka.net>
    72	Vincent Legoll <vincent.legoll@gmail.com>
    69	Gábor Boskovits <boskovits@gmail.com>
    69	Kyle Meyer <kyle@kyleam.com>
    68	Robert Vollmert <rob@vllmrt.net>
    66	Alex Sassmannshausen <alex@pompo.co>
    64	Pierre Langlois <pierre.langlois@gmx.com>
    63	Theodoros Foradis <theodoros.for@openmailbox.org>
    59	Lars-Dominik Braun <ldb@leibniz-psychology.org>
    59	Tomáš Čech <sleep_walker@gnu.org>
    55	Konrad Hinsen <konrad.hinsen@fastmail.net>
    53	Meiyo Peng <meiyo.peng@gmail.com>
    52	Jason Self <j@jxself.org>
    52	Raghav Gururajan <raghavgururajan@disroot.org>
    50	Tanguy Le Carrour <tanguy@bioneland.org>
    49	Jonathan Brielmaier <jonathan.brielmaier@web.de>
    48	Raoul Jean Pierre Bonnal <ilpuccio.febo@gmail.com>
    47	Florian Pelz <pelzflorian@pelzflorian.de>
    47	Leo Prikler <leo.prikler@student.tugraz.at>
    46	Eric Bavier <bavier@cray.com>
    43	Brendan Tildesley <brendan.tildesley@openmailbox.org>
    43	Petter <petter@mykolab.ch>
    43	pimi <madalinionel.patrascu@mdc-berlin.de>
    42	Alexandros Theodotou <alex@zrythm.org>
    42	Brendan Tildesley <mail@brendan.scot>
    41	Vasile Dumitrascu <va511e@yahoo.com>
    39	Adriano Peluso <catonano@gmail.com>
    39	Vagrant Cascadian <vagrant@reproducible-builds.org>
    38	Gabriel Hondet <gabrielhondet@gmail.com>
    37	Feng Shu <tumashu@163.com>
    37	Meiyo Peng <meiyo@riseup.net>
    36	Brice Waegeneire <brice@waegenei.re>
    36	Pierre-Antoine Rouby <pierre-antoine.rouby@inria.fr>
    36	Pjotr Prins <pjotr.guix@thebird.nl>
    36	guy fleury iteriteka <hoonandon@gmail.com>
    35	Fis Trivial <ybbs.daans@hotmail.com>
    33	Carlo Zancanaro <carlo@zancanaro.id.au>
    33	Rene Saavedra <rennes@openmailbox.org>
    32	Jakob L. Kreuze <zerodaysfordays@sdf.org>
    31	Dave Love <fx@gnu.org>
    31	Muriithi Frederick Muriuki <fredmanglis@gmail.com>
    30	Alex ter Weele <alex.ter.weele@gmail.com>
    30	Timotej Lazar <timotej.lazar@araneo.si>
    29	Sergei Trofimovich <slyfox@inbox.ru>
    28	Giacomo Leidi <goodoldpaul@autistici.org>
    28	Ingo Ruhnke <grumbel@gmail.com>
    28	zimoun <zimon.toutoune@gmail.com>
    27	Diego Nicola Barbato <dnbarbato@posteo.de>
    27	L p R n d n <guix@lprndn.info>
    26	Ivan Petkov <ivanppetkov@gmail.com>
    25	Stefan Reichör <stefan@xsteve.at>
    24	Carl Dong <contact@carldong.me>
    24	Jack Hill <jackhill@jackhill.us>
    23	Troy Sankey <sankeytms@gmail.com>
    23	nee <nee.git@cock.li>
    22	Amin Bandali <bandali@gnu.org>
    22	Eelco Dolstra <eelco.dolstra@logicblox.com>
    22	Peter Mikkelsen <petermikkelsen10@gmail.com>
    22	Tim Gesthuizen <tim.gesthuizen@yahoo.de>
    21	Guillaume LE VAILLANT <glv@posteo.net>
    21	Vicente Vera Parra <vicentemvp@gmail.com>
    20	Kei Yamashita <kei@openmailbox.org>
    19	Eric Dvorsak <eric@dvorsak.fr>
    18	Jens Mølgaard <jens@zete.tk>
    18	José Miguel Sánchez García <jmi2k@openmailbox.org>
    17	Mădălin Ionel Patrașcu <madalinionel.patrascu@mdc-berlin.de>
    17	Siniša Biđin <sinisa@bidin.eu>
    17	Sree Harsha Totakura <sreeharsha@totakura.in>
    16	Christopher Lemmer Webber <cwebber@dustycloud.org>
    16	Jacob MacDonald <jaccarmac@gmail.com>
    15	Stefan Stefanović <stefanx2ovic@gmail.com>
    14	Alexandru-Sergiu Marton <brown121407@gmail.com>
    14	Marek Benc <dusxmt@gmx.com>
    13	Brian Leung <brian@debian>
    13	David Wilson <david@daviwil.com>
    13	Joseph LaFreniere <joseph@lafreniere.xyz>
    13	Pkill -9 <pkill9@runbox.com>
    13	Steve Sprang <scs@stevesprang.com>
    13	nixo <nicolo@nixo.xyz>
    12	Damien Cassou <damien@cassou.me>
    12	David Hashe <david.hashe@dhashe.com>
    12	Mark Meyer <mark@ofosos.org>
    12	Michael Rohleder <mike@rohleder.de>
    11	Amar Singh <nly@disroot.org>
    11	Arne Babenhauserheide <arne_bab@web.de>
    11	Jesse Gibbons <jgibbons2357+guix@gmail.com>
    11	Josh Holland <josh@inv.alid.pw>
    11	Lukas Gradl <lgradl@openmailbox.org>
    11	Miguel Ángel Arruga Vivas <rosen644835@gmail.com>
    11	Peter Kreye <kreyepr@gmail.com>
    11	Sebastian Schott <sschott@mailbox.org>
    10	Ben Sturmfels <ben@sturm.com.au>
    10	Ethan R. Jones <doubleplusgood23@gmail.com>
    10	Evan Straw <evan.straw99@gmail.com>
    10	Fabian Harfert <fhmgufs@web.de>
    10	Mekeor Melire <mekeor.melire@gmail.com>
    10	Reza Alizadeh Majd <r.majd@pantherx.org>
     9	Alírio Eyng <alirioeyng@gmail.com>
     9	Amirouche Boubekki <amirouche@hypermove.net>
     9	Carl Dong <accounts@carldong.me>
     9	Charlie Ritter <chewzerita@posteo.net>
     9	Eric Le Bihan <eric.le.bihan.dev@free.fr>
     9	Jovany Leandro G.C <bit4bit@riseup.net>
     9	Tonton <tonton@riseup.net>
     9	Wiktor Żelazny <wzelazny@vurv.cz>
     8	Carlos Sánchez de La Lama <csanchezdll@gmail.com>
     8	Dan Frumin <dfrumin@cs.ru.nl>
     8	Erik Edrosa <erik.edrosa@gmail.com>
     8	Ivan Vilata i Balaguer <ivan@selidor.net>
     8	Martin Becze <mjbecze@riseup.net>
     8	Matthew Jordan <matthewjordandevops@yandex.com>
     8	Miguel <rosen644835@gmail.com>
     8	Naga Malleswari <nagamalli@riseup.net>
     8	Nicolò Balzarotti <anothersms@gmail.com>
     8	Nikolai Merinov <nikolai.merinov@member.fsf.org>
     8	Pierre-Antoine Rouby <contact@parouby.fr>
     8	Rene <pacoon@protonmail.com>
     7	Adam Massmann <massmannak@gmail.com>
     7	Al McElrath <hello@yrns.org>
     7	Alexandru-Sergiu Marton <brown121407@member.fsf.org>
     7	Cyrill Schenkel <cyrill.schenkel@gmail.com>
     7	Felix Gruber <felgru@posteo.net>
     7	LaFreniere, Joseph <joseph@lafreniere.xyz>
     7	Mike Gerwitz <mtg@gnu.org>
     7	Mohammed Sadiq <sadiq@sadiqpk.org>
     6	Alex Sassmannshausen <alex@komputilo.eu>
     6	Dimakakos Dimos <me@bendersteed.tech>
     6	Joshua Grant <tadni@riseup.net>
     6	Lprndn <guix@lprndn.info>
     6	Robert Smith <robertsmith@posteo.net>
     6	Sohom Bhattacharjee <soham.bhattacharjee15@gmail.com>
     6	Timo Eisenmann <eisenmann@fn.de>
     6	gabrielhdt <gabrielhondet@gmail.com>
     6	kanichos@yandex.ru <kanichos@yandex.ru>
     5	Ekaitz Zarraga <ekaitz@elenq.tech>
     5	George Clemmer <myglc2@gmail.com>
     5	Giovanni Biscuolo <g@xelera.eu>
     5	Gregor Giesen <giesen@zaehlwerk.net>
     5	Jeff Mickey <j@codemac.net>
     5	Julian Graham <joolean@gmail.com>
     5	Laura Lazzati <laura.lazzati.15@gmail.com>
     5	Mike Rosset <mike.rosset@gmail.com>
     5	Nam Nguyen <namn@berkeley.edu>
     5	R Veera Kumar <vkor@vkten.in>
     5	Raimon Grau <raimonster@gmail.com>
     5	Raymond Nicholson <rain1@openmailbox.org>
     5	Sahithi Yarlagadda <sahi@swecha.net>
     5	Thorsten Wilms <t_w_@freenet.de>
     5	Todor Kondić <tk.code@protonmail.com>
     5	swedebugia <swedebugia@riseup.net>
     4	8p8c <cameltheman@gmail.com>
     4	Adam Van Ymeren <adam@vany.ca>
     4	Adonay Felipe Nogueira <adfeno@openmailbox.org>
     4	Alexander I. Grafov <grafov@gmail.com>
     4	Andrew Miloradovsky <andrew@interpretmath.pw>
     4	Andy Tai <atai@atai.org>
     4	Claes Wallin (韋嘉誠) <claes.wallin@greatsinodevelopment.com>
     4	Daniel Pimentel <d4n1@d4n1.org>
     4	Deck Pickard <deck.r.pickard@gmail.com>
     4	Eric Brown <brown@fastmail.com>
     4	Huang Ying <huang.ying.caritas@gmail.com>
     4	Ian Denhardt <ian@zenhack.net>
     4	Jochem Raat <jchmrt@riseup.net>
     4	John J. Foerch <jjfoerch@earthlink.net>
     4	Luther Thompson <lutheroto@gmail.com>
     4	Nicolò Balzarotti <nicolo@nixo.xyz>
     4	Riku Viitanen <riku.viitanen@protonmail.com>
     4	Rodger Fox <thylakoid@openmailbox.org>
     4	doncatnip <gnopap@gmail.com>
     4	fis trivial <ybbs.daans@hotmail.com>
     4	ison <ison@airmail.cc>
     4	pinoaffe@airmail.cc <pinoaffe@airmail.cc>
     4	raingloom <raingloom@protonmail.com>
     3	Benjamin Slade <slade@jnanam.net>
     3	Boris A. Dekshteyn <boris.dekshteyn@gmail.com>
     3	Caleb Ristvedt <caleb.ristvedt@cune.org>
     3	Collin J. Doering <collin@rekahsoft.ca>
     3	Cyprien Nicolas <cyprien@nicolas.tf>
     3	Dimakakos Dimos <bendersteed@teknik.io>
     3	Florian Paul Schmidt <mista.tapas@gmx.net>
     3	HiPhish <hiphish@posteo.de>
     3	Jan Wielkiewicz <tona_kosmicznego_smiecia@interia.pl>
     3	Jens M <jens@zete.tk>
     3	Jonathan Brielmaier <jbrielmaier@suse.de>
     3	Kevin Lemonnier <lemonnierk@ulrar.net>
     3	Kyle Andrews <kyle.c.andrews@gmail.com>
     3	Maurice Brémond <Maurice.Bremond@inria.fr>
     3	McKinley Olsen <mck.olsen@gmail.com>
     3	Meiyo Peng <meiyo@disroot.org>
     3	Oskar Köök <oskarkook@maatriks.ee>
     3	Prafulla Giri <pratheblackdiamond@gmail.com>
     3	Raphaël Mélotte <raphael.melotte@posteo.net>
     3	Sam <smbaines8@gmail.com>
     3	Vitaliy Shatrov <D0dyBo0D0dyBo0@protonmail.com>
     3	Z. Ren <zren@dlut.edu.cn>
     3	Zzull <bstrazzull@hotmail.fr>
     3	frozenpigs <purpjuice@protonmail.com>
     3	nee <nee-git@hidamari.blue>
     3	wednesday <jessejohngildersleve@zohomail.eu>
     2	Albin Söderqvist <albin@fripost.org>
     2	Alexander Krotov <krotov@iitp.ru>
     2	Alexey Abramov <levenson@mmer.org>
     2	Aljosha Papsch <misc@rpapsch.de>
     2	Andrius Štikonas <andrius@stikonas.eu>
     2	Caliph Nomble <nomble@palism.com>
     2	Corentin Bocquillon <corentin@nybble.fr>
     2	David Truby <David.Truby@arm.com>
     2	Dmitry Bogatov <KAction@gnu.org>
     2	Dylan Jeffers <sapientech@openmailbox.org>
     2	EuAndreh <eu@euandre.org>
     2	James Richardson <james@jamestechnotes.com>
     2	Jethro Cao <jethrocao@gmail.com>
     2	JoJo <jo@jo.zone>
     2	Jonathan Frederickson <jonathan@terracrypt.net>
     2	Jookia <166291@gmail.com>
     2	Kristofer Buffington <kristoferbuffington@gmail.com>
     2	Manuel Graf <graf@init.at>
     2	Marco van Hulten <marco@hulten.org>
     2	Martin Castillo <castilma@uni-bremen.de>
     2	Mathieu Othacehe <mathieu.othacehe@parrot.com>
     2	Patrick Hetu <patrick.hetu@auf.org>
     2	Peter <peter.feigl@nexoid.at>
     2	Pierre-Antoine Rault <par@rigelk.eu>
     2	R H <rhelling@mykolab.com>
     2	Riku Viitanen via Guix-patches via <guix-patches@gnu.org>
     2	Rob Syme <rob.syme@gmail.com>
     2	Ryan Moe <ryan.moe@gmail.com>
     2	Simon Josefsson <simon@josefsson.org>
     2	Stephen Webber <montokapro@gmail.com>
     2	Vijayalakshmi Vedantham <vijimay12@gmail.com>
     2	Yoshinori Arai <kumagusu08@gmail.com>
     2	amirouche <amirouche+dev@hypermove.net>
     2	fis <ybbs.daans@hotmail.com>
     2	h.nasajpour <h.nasajpour@pantherx.org>
     2	nee <nee@cock.li>
     2	okapi <okapi@firemail.cc>
     2	xd1le <elisp.vim@gmail.com>
     1	43317 <43317@etu.he2b.be>
     1	6033fe7de85d <6033fe7de85d@airmail.cc>
     1	Adam Zimmerman <adam@digitalpirate.ca>
     1	Adonay Felipe Nogueira <adfeno@hyperbola.info>
     1	Alberto Eleuterio Flores Guerrero <barbanegra+guix@posteo.mx>
     1	Alejandro "HiPhish" Sanchez <hiphish@posteo.de>
     1	Alex Branham <alex.branham@gmail.com>
     1	Alex Branham <branham@utexas.edu>
     1	Alexander Shendi <Alexander.Shendi@web.de>
     1	Alva <alva@skogen.is>
     1	Amar Singh <nly@dsiroot.org>
     1	Andrius Štikonas via Guix-patches via <guix-patches@gnu.org>
     1	André Miranda <eu@euandre.org>
     1	Anonymous <mcrfan96@cock.li>
     1	Arne Babenhauserheide <arne.babenhauserheide@kit.edu>
     1	Bake Timmons <b3timmons@speedymail.org>
     1	Benjamin Slade <slae@jnanam.net>
     1	Benz Schenk <benz.schenk@uzh.ch>
     1	Boskovits, Gábor <boskovits@gmail.com>
     1	Brandon Ludwig <bldtg@outlook.com>
     1	Brant Gardner <brantcgardner@brantware.com>
     1	Brant Gardner <mail@lnklnx.com>
     1	Carolili <carolili@protonmail.com>
     1	Christopher Andersson <christopher@8bits.nu>
     1	Christopher Howard <christopher@librehacker.com>
     1	Christopher W. Carpenter <mordocai@mordocai.net>
     1	Comrade Yuri <yuri@nijino>
     1	Daniel Schäfer <git@danielschaefer.me>
     1	Danjela Lura <danielaluraa@gmail.com>
     1	Danny O'Brien <danny@spesh.com>
     1	Dave Love <dave.love@manchester.ac.uk>
     1	David Trudgian <dave@trudgian.net>
     1	Dimakakos Dimos via Guix-patches <guix-patches@gnu.org>
     1	Divan Santana <divan@santanas.co.za>
     1	Ekaitz at ElenQ Technology <ekaitz@elenq.tech>
     1	Eric Bavier <&lt;bavier@cray.com&gt>
     1	Ethan R. Jones <ethanrjones97@gmail.com>
     1	Evan Hanson <evhan@foldling.org>
     1	FPS <mista.tapas@gmx.net>
     1	Fakhri Sajadi <f.sajadi@pantherx.org>
     1	Francesco Frassinelli <fraph24@gmail.com>
     1	Grillon <thierry@moncourriel.eu>
     1	Guy Fleury Iteriteka <hoonandon@gmail.com>
     1	Guy fleury <hoonandon@gmail.com>
     1	Gábor Boskovits <boskovits at>
     1	Ivan Gankevich <i.gankevich@spbu.ru>
     1	Ivan Kozlov <kanichos@yandex.ru>
     1	Jane Baines <jmbaines8@gmail.com>
     1	Jean-Baptiste Note <jean-baptiste.note@m4x.org>
     1	Jeremiah@pdp10.guru <Jeremiah@pdp10.guru>
     1	Jessica Tallon <tsyesika@tsyesika.se>
     1	John D. Boy <jboy@bius.moe>
     1	Josh Marshall <josh.marshall@jax.org>
     1	Joshua Branson <jbranso@dismail.de>
     1	Justus Winter <justus@gnupg.org>
     1	Justus Winter <justus@sequoia-pgp.org>
     1	Jérémy Korwin-Zmijowski <jeremy@korwin-zmijowski.fr>
     1	Jörg Thalheim <joerg@higgsboson.tk>
     1	Kei Kebrau <kkebrau@posteo.net>
     1	Kenny Ballou <kballou@devnulllabs.io>
     1	Madalin Ionel-Patrascu <madalinionel.patrascu@mdc-berlin.de>
     1	Mario Daniel Ruiz Saavedra <desiderantes@rocketmail.com>
     1	Marius Bakke <mbakke@berlin.guixsd.org>
     1	Mark Wielaard <mark@klomp.org>
     1	Masaya Tojo <masaya@tojo.tokyo>
     1	Mason Hock <masonhock@gmail.com>
     1	Matt Wette <matt.wette@gmail.com>
     1	Matthew Kraai <kraai@ftbfs.org>
     1	Maurice Bremond <Maurice.Bremond@inria.fr>
     1	Michael Vetter <jubalh@openmailbox.org>
     1	Mikhail Kirillov <w96k.ru@gmail.com>
     1	Mădălin Ionel Patrașcu <MadalinIonel.Patrascu@mdc-berlin.de>
     1	Nadya Voronova <voronovank@gmail.com>
     1	Nikolay Korotkiy <sikmir@gmail.com>
     1	Noodles! <nnoodle@chiru.no>
     1	Orivej Desh <orivej@gmx.fr>
     1	Oskar Köök <oskar@maatriks.ee>
     1	P.C. Shyamshankar <shyam@sykloid.org>
     1	Peng Mei Yu <pengmeiyu@riseup.net>
     1	Peter Mikkelsen <peter@alaok.org>
     1	Pierre-Moana Levesque <pierre.moana.levesque@gmail.com>
     1	Rene Saavedra <pacoon@protonmail.com>
     1	Ricardo Wurmus <ricardo.wurmus at>
     1	Robin Templeton <robin@igalia.com>
     1	Robin Templeton <rtempleton@igalia.com>
     1	Sandeep Subramanian <sandeepsubramanian94@gmail.com>
     1	Simon Mages <mages.simon@googlemail.com>
     1	Stephen Scheck <sscheck@gmail.com>
     1	Stephen Webber <webber.sl@gmail.com>
     1	Sylvain Beucler <beuc@beuc.net>
     1	Taegil Bae <esrevinu@gmail.com>
     1	Taylan Kammer <taylan.kammer@gmail.com>
     1	Thorsten Wilms <self@thorstenwilms.com>
     1	Tim Stahel <swedneck@swedneck.xyz>
     1	Timothy Sample <timsample@gmail.com>
     1	Ting-Wei Lan <lantw44@gmail.com>
     1	TomZ <tomz@freedommail.ch>
     1	Toni Reina <areina@riseup.net>
     1	Uko Kokņevičs <perkontevs@gmail.com>
     1	Vijayalakshmi <vijimay12@gmail.com>
     1	Wiktor Żelazny <wz@freeshell.de>
     1	YOANN P <yoann_mac_donald@hotmail.com>
     1	Yakkala Yagnesh Raghava <hi@yagnesh.org>
     1	Ying Huang <huang_ying_caritas@163.com>
     1	djwj <daniel@wilshirejones.com>
     1	eacces <eacces@fastmail.com>
     1	guy fleury iteriteka <gfleury@disroot.org>
     1	lakshmi <lakshmiprasannakumaran@gmail.com>
     1	leungbk <bkleung89@gmail.com>
     1	mephi42 <mephi42@gmail.com>
     1	mikadoZero <mikadozero@yandex.com>
     1	mjbecze@riseup.net <mjbecze@riseup.net>
     1	rendaw <7e9wc56emjakcm@s.rendaw.me>
     1	shtwzrd <shtwzrd@protonmail.com>
     1	sirgazil <sirgazil@zoho.com>
     1	tanguy@bioneland.org <tanguy@bioneland.org>
     1	tlecarrour@easter-eggs.com <tlecarrour@easter-eggs.com>
